{
    "m1" : 1.0,
    "m2" : 1.0,
    "m3" : 1.0,
    "tMax" : 2.0,
    "sampleStep" : 1000,
    "dt" : 0.00001,
    "v10": [0.0, 0.0, 0.0],
    "v20": [0.0, 0.0, 0.0],
    "v30": [0.0, 0.0, 0.0],
    "r10": [0.0, 0.0, 0.0],
    "r20": [1.0, 0.0, 0.0],
    "r30": [0.5, 0.8660254037844386, 0.0]
}